,title,director
1,빙글빙글,최정한
2,신과함께-인과 연,김용화
3,독전,이해영
4,리틀 포레스트,임순례
5,1987,장준환
6,암수살인,김태균
7,미쓰백,이지원
8,안시성,김광식
9,신과함께-죄와 벌,김용화
10,곤지암,정범식
11,공작,윤종빈
12,도어락,이권
13,마중,문숙희
14,백년의 노래,이상목
15,지슬 - 끝나지 않은 세월2,오멸
16,우묵배미의 사랑,장선우
17,어멍,고훈
18,오버 데어,장민승
19,김녕회관,문재웅
20,국가부도의 날,최국희
21,호흡,권만기
22,강변호텔,홍상수
23,"인간, 공간, 시간 그리고 인간",김기덕
24,마녀,박훈정
25,허스토리,민규동
26,남한산성,황동혁
27,버닝,이창동
28,죄 많은 소녀,김의석
29,범죄도시,강윤성
30,순례,김한석
31,공동정범,"김일란,이혁상"
32,박화영,이환
33,피의 연대기,김보람
34,소공녀,전고운
35,탐정: 리턴즈,이언희
36,살아남은 아이,신동석
37,붉은 바람,이승무
38,시소,차유경
39,복숭아,심수경
40,삼촌,김형진
41,김군,강상우
42,"서서평, 성공이 아니라..",황준하
43,채식주의자,임우성
44,죽은 시간,송원재
45,무지개 칠하는 법,에릭 오
46,Manimals,오지현
47,인디서울 2019-오재형 감독 단편선,오재형
48,국광교회,모현신
49,허삼관,하정우
50,세상을 구한 여자,이승준
51,흔적,강민구
52,강낭콩 한살이,김태경
53,눈치껏,배은혜
54,그랑주떼,김상규
55,점,김강민
56,메리 크리스마스 미스터 모,임대형
57,변산,이준익
58,경치 좋은 자리,"박중권,임혜령"
59,내가 사는 세상,최창환
60,생활의 탄생,유재선
61,그녀의 속도,한여울
62,밤의 문이 열린다,유은정
63,빛나는 물체 따라가기,문병진
64,종말의 주행자,조현민
65,벌새,김보라
66,사수,"김설해,조영은,정종민"
67,한강에게,박근영
68,공사의 희로애락,장윤미
69,메기,이옥섭
70,졸업,박주환
71,보희와 녹양,안주영
72,작은 빛,조민재
73,밤빛,김무영
74,눈물,오성호
75,컨테이너,김세인
76,다운,이우수
77,나는보리,김진유
78,뷰티플 마인드,"류장하,손미"
79,그 아이,서동수
80,추방자들,백종관
81,낯선 자,이한
82,기억 아래로의 기억,조희영
83,러브레따,서은아
84,기사선생,김서윤
85,청소왕 순아의 놀라운 하루,백승화
86,인서트,"이용수,이용수"
87,늙은 개,최민호
88,형제봉 가는 길,임흥순
89,돌아오는 길엔,강동완
90,미스터리 핑크,구혜선
91,우중산책,임순례
92,밤낚시,안흥성
93,대풍감,김한라
94,그가 사는 곳,이상일
95,금희,"김소정,신새벽"
96,민상,이승현
97,바다로 가자,김량
98,무녀도,안재훈
99,대교집,반박지은
100,베란다,손지수
101,리틀보이 12725,김지곤
102,표류,연제광
103,마왕의 딸 이리샤,장형윤
104,보이지 않는 아이들,아오리
105,피부와 마음,박지연
106,우리 잘 살 수 있을까?,강이관
107,녹차의 중력,정성일
108,너는 결코 서둘지 말라,김미영
109,풍정.각(風精.刻) 푸른고개가 있는 동네,송주원
110,군대,박경근
111,경계도시 2,홍형숙
112,오늘만 날이다,김태용
113,아워 바디,한가람
114,SFdrome: 주세죽,김소영
115,송환,김동원
116,내가 필요하면 전화해,임오정
117,여보세요,부지영
118,라스트 씬,박배일
119,최소한의 예의,이안젤라
120,여름내,김준희
121,백두 번째 구름,정성일
122,셔틀런,"이은경,이희선"
123,낮은 목소리 3 : 숨결,변영주
124,야광,임철민
125,낮은 목소리 2,변영주
126,알을 깨고 나온 새,박지원
127,파업전야,"장동홍,장윤현,이재구,이은기"
128,화성 가는 길,조지훈
129,"안녕, 미누",지혜원
130,면도,정지혜
131,북한산,임흥순
132,뷰티풀 보이스,김선웅
133,백천,신동영
134,하나가 되는 것은 더욱 커지는 일이다,"김동원,문원립"
135,그 언덕을 지나는 시간,방성준
136,아침과 저녁 사이,이익태
137,우주만화경,박민하
138,나머지 공부,정대웅
139,본,김현수
140,파도치는 땅,임태규
141,안양,양진원
142,시체들의 아침,이승주
143,거대 생명체들의 도시,박군제
144,춤추는 개구리,김진만
145,산나리,김응수
146,뭘 야려?,방현수
147,미완의 여행길로 떠나다,현우민
148,"동물, 원",왕민철
149,인사3팀의 캡슐커피,정해일
150,천둥번개,이다경
151,핑크페미,남아름
152,증언,우경희
153,강의 남쪽,장길수
154,길모퉁이 가게,이숙경
155,판문점 에어컨,이태훈
156,철원에서,김혜정
157,겨울밤에,장우진
158,여름밤의 소리,정민희
159,오디션,황지현
160,463 - 포엠 오브 더 로스트,권아람
161,한숨,김보성
162,춘분,석진혁
163,위태로워야 했던 건 오직 우리뿐,한유원
164,편의점에서 공놀이 금지,양익준
165,병훈의 하루,이희준
166,아프리카에도 배추가 자라나,이나연
167,청년경찰,김주환
168,프리즌,나현
169,여배우는 오늘도,문소리
170,아이 캔 스피크,김현석
171,기억의 밤,장항준
172,1급기밀,홍기선
173,그렌델,윤한민
174,원죄,문신구
175,박열,이준익
176,마차 타고 고래고래,안재석
177,산상수훈,유영의
178,그것만이 내 세상,최성현
179,메모리즈,이수성
180,노웨어 맨,김정근
181,크로싱 비욘드,이승준
182,어른이 되면,장혜영
183,기프실,문창현
184,아무것 또는 모든 것,김결
185,PLICKER,김병준
186,심심,김승희
187,풀잎들,홍상수
188,멸공의 횃불,이우석
189,국경의 왕,임정환
190,컨테이너,유우일
191,신호인,김한솔
193,타이름의 시간,김신희
194,하진,이가영
195,또 하나의 세상 : 행당동 사람들 2,김동원
196,채워질 수 없는 것들,안현준
197,신탄진,최정문
198,만끽연가,박홍준
199,미싱,손승웅
200,낯선 꿈들,김지곤
202,아빠는 예쁘다,"김승협,박수민"
203,철권가족,김동원
204,오후 3시,김지곤
205,손님,김민근
206,장롱면허,박근범
207,나와 나의 거리,문창현
208,훔친 사탕,김시현
209,계절,배종대
210,해변의 캐리어,김수정
211,낯선 자들의 땅,오원재
212,영하의 바람,김유리
213,나는 집으로 간다,김수지
214,행당동 사람들,김동원
215,경수와 파란요정,김선국
216,한편으로,손예영
217,부자,윤지수
218,오두막,이상환
219,섬,이동석
220,이동,손태훈
221,녹,신나리
222,끝나지 않은 전쟁,김동원
223,시험 후,김나영
224,내 친구 정일우,김동원
225,"관객, 직원, 시네마테크",이신희
226,목욕탕 가는 길,이상혁
227,"명성, 그 6일의 기록",김동원
228,상계동 올림픽,김동원
229,"종로, 겨울",김동원
230,희한한 시대,이은비
231,대회전,김진태
232,스물다섯번째 시간,김성은
233,파수꾼,윤성현
234,망종,장률
235,퀴어의 방,권아람
236,플라스틱 걸스,닐스 클라우스
237,개를 훔치는 완벽한 방법,김성호
238,재회,박기용
239,지독한 사랑,이명세
240,나무없는 산,김소영
241,당신의 부탁,이동은
242,밤치기,정가영
243,그대 없이는 못 살아,이명세
244,그림자도 없다,최창환
245,피아노,조영준
246,꼬리,김후중
247,골목길,오수연
248,친구,곽기봉
249,더 블랙,이마리오
250,8월의 크리스마스,허진호
251,낙타(들),박기용
252,도시 목격자,리슨 투 더 시티
253,소나기,안재훈
254,무산일기,박정범
255,산다,박정범
256,침묵,정지우
257,부재의 기억,이승준
258,7년의 밤,추창민
259,뽀로로 극장판 공룡섬 대모험,"김현호,윤제완"
260,첫사랑,이명세
261,히스테리아,장만민
262,"나의 사랑, 나의 신부",이명세
263,준하의 행성,홍형숙
264,"꿈, 떠나다",섹 알 마문
265,목격자,조규장
266,누구도 남겨두지 않는다,리슨 투 더 시티
267,죽여주는 여자,이재용
268,레슬러,김대웅
269,얼굴들,이강현
270,땐뽀걸즈,이승문
271,자유연기,김도영
272,궁합,홍창표
273,어른도감,김인선
274,동아,권예지
275,모텔 선인장,박기용
276,강원도의 힘,홍상수
277,"여자, 정혜",이윤기
278,성혜의 나라,정형석
279,시인의 사랑,김양희
280,모래 놀이,최초아
281,"소년, 소녀를 만나다",장은연
282,신기록,"허지은,이경호"
283,나쁜 상사,백종석
284,살인자의 기억법,원신연
285,인간시장,박삼녕
286,부산행,연상호
287,노이즈,임지선
288,명당,박희곤
289,언프리티 영미,이영미
290,5월 14일,부은주
291,스노우볼,홍유라
292,봄 여름 가을 겨울 그리고 봄,김기덕
293,새벽,임정은
294,졸업,허지예
295,대자보,곽은미
296,이삿날,박홍준
297,흉,최정연
298,여진,이정민
299,사라진 밤,이창희
300,다섯 번째 계절,양경희
301,딥,조성규
302,공조,김성훈
303,새벽은 나에게 말했다.,서대원
304,성인식,오정민
305,나방,이희범
306,선화의 근황,김소형
307,바뀌지 않을 것이다,장서진
308,캣데이 애프터눈,권성모
309,뮤직 앤 리얼리티,"빅 포니,스티브 리"
310,연수의 자리,박수연
311,내 얘기를 들어보세요,백순도
312,너의 결혼식,이석근
313,언데이터블 우먼,조유경
314,민혁이 동생 승혁이,김덕근
315,엄마가 60살이 되기 전에,김소영
316,"얼굴, 그 맞은편",이선희
317,검은 악어,장나리
318,통금,김소람
319,푸르른 날에,한은지
320,미화원,김보원
321,구르는 돌처럼,박소현
322,더 로열리스트,강민지
323,김장,이다나
324,이웃에 방해가 되지 않는 선,신지훈
325,버블 패밀리,마민지
326,여자의 아내,장아람
327,아재꽃집,장영철
328,우체통,구상범
329,공간소녀,최민혁
330,볼링블링,김아론
331,7호실,이용승
332,임금님의 사건수첩,문현성
333,산책가,"김예영,김영근"
334,침입자,박근범
335,러브 스파크,"최유진,김명주"
336,컬러스 인 더 서브웨이,김명은
337,모퉁이길 문방구,"이화선,윤원균"
338,시집가는 날,이병일
339,악당출현,유수민
340,개들의 침묵,박현철
341,여름방학,손태겸
342,더 앵글러,장승욱
343,커피 메이트,이현하
344,남매의 집,조성희
345,열정의 끝,곽은미
346,아빠의 맛,김인선
347,수지,김신정
348,보일러,이영아
349,춘몽,장률
350,팡뜨,양진열
351,더 테이블,김종관
352,좋아해줘,박현진
353,루비 앤 도기,"최가영,강예린"
354,스캔들-조선남녀상열지사,이재용
355,오징어,이상학
356,두근두근 내 인생,이재용
357,여우 꼬리,이희라
358,초능력자,권만기
359,두개의 빛: 릴루미노,허진호
360,윤리거리규칙,이정곤
361,엄마의 공책,김성호
362,열대야,서은선
363,마당을 나온 암탉,"민성아,오성윤"
364,지금 만나러 갑니다,이장훈
365,고스트,박현철
366,장례난민,한가람
367,서울의 달,양익제
368,여배우들,이재용
369,페루자,"김예영,김영근"
370,델타 보이즈,고봉수
371,올드마린보이,진모영
372,앨리스 죽이기,김상규
373,뽑기,심규택
374,불청객,이승엽
375,손이 많이 가는 미미,윤동기
376,별이 빛나는 밤에,이종훈
377,와이키키 브라더스,임순례
378,아버지의 방,장나리
379,B급 며느리,선호빈
380,엠비티아이,정호진
381,스텝포유,엄주호
382,방문자,신동일
383,모텔 속 그들,한호승
384,차장님은 연애 중,안지희
385,호우!주의보,"박도겸,박도규"
386,사방지,송경식
387,"708호, 이등병의 편지",김환태
388,첫 외출,김혁
389,계절과 계절 사이,김준식
390,미쓰 홍당무,이경미
391,비잉미,김동현
392,크레인 끝에 걸리는 것,임초현
393,얼음강,민용근
394,온 에어,김주희
395,2인 3각,이진우
396,백서,강상우
397,줄탁동시,김경묵
398,오래달리기,정승오
399,지수의 11분,윤병석
400,생각이 나서.,김현승
401,도희야,정주리
402,갈 곳 없는,손현록
403,썸모어,강우
404,테이블 매너,김민규
405,4인의 뱀파이어,장영선
406,그녀의 욕조.,박채원
407,여고괴담 두번째 이야기,"김태용,민규동"
408,한 뼘 사이,윤정현
409,금욕,김수형
410,바람이 분다,홍유정
411,글리제,정누리
412,아파트 생태계,정재은
413,로마서 8:37,신연식
414,얼어붙은 땅,김태용
415,그들은 대화중,이민아
416,어떤 알고리즘,민미홍
417,결혼전야,이란희
418,레버,김보영
419,아역배우 박웅비,김슬기
420,카운터스,이일하
421,환불,송예진
422,친구사이?,김조광수
423,모범시민,김철휘
424,꽃이 저문 자리,"윤우정,육진수"
425,상놈,박상혁
426,히치하이크,정희재
427,하루,박흥식
428,"파출부, 아니다",방은진
429,"너의 결혼식, 나의 결혼식",경지숙
430,히치하이킹,최진성
431,4등,정지우
432,열녀문,신상옥
433,반칙왕,김지운
434,지옥화,신상옥
435,찾을 수 없습니다,엄하늘
436,미라의 의지,이은정
437,민며느리,최은희
438,르 모,백미영
439,공주님의 짝사랑,최은희
440,편안한 밤,이준용
441,배드신,전고운
442,다영씨,고봉수
443,족구왕,우문기
444,코리아,문현성
445,목격자의 밤,박근범
446,명동에 밤이 오면,이형표
447,솧,서보형
448,물괴,허종호
449,중지 손가락,한정재
450,내게 사랑은 너무 써,전고운
451,사월의 끝,추창민
452,김희선,김민주
453,메이트,정대건
454,창진이 마음,궁유정
455,모빌,임필성
456,십자인대,김유준
457,늦은 오후,주영
458,리멤버,이가령
459,리메인,조미혜
460,창수의 취업시대,김의석
461,토요일다세대주택,전승배
462,"한양빌라, 401호",이경원
463,언더독,"이춘백,오성윤"
464,무저갱,김지현
465,의자 위의 남자,정다희
466,동두천,김진아
467,호모 비디오쿠스,"변혁,이재용"
468,도둑들,최동훈
469,추격자,나홍진
470,극비수사,곽경택
471,부고,진 윤
472,지리멸렬,봉준호
473,"그날, 바다",김지영
474,치킨 인류,이욱정
475,사슴꽃,김강민
476,우유 드링크 러브?,김용승
477,벼꽃,오정훈
478,잘 왔다. 우리 같이 살자,서동일
479,2001 이매진,장준환
480,커피 느와르: 블랙 브라운,장현상
481,치킨 파이터즈,고현지
482,앵커,최정민
483,유월,Beff
484,유리정원,신수원
485,동구 밖,김현탁
486,이월,김중현
487,더 인터뷰,임의준
488,그럼에도 불구하고,이동진
489,"달, 실","이도,정섬"
490,오빠,지웅배
491,시대정신,송준호
492,청춘다반사,지웅
493,한 사람을 위한 마음,황준하
494,공터,김성규
495,빈꽃,김민동
496,S.O.S - 채택된 불화,임민욱
497,12,차재민
498,엣지 오브 세븐틴,정누리
499,여중생A,이경섭
500,몸 값,이충현
501,사이비,연상호
502,(OO),오서로
503,"달, 어디있니?",백미영
504,단팥죽,오진주
505,변성기,박준호
506,통일전야: 어느 저녁식사,김성윤
507,파슬리 소녀,노영미
508,그 여름에 봄,황다슬
509,터치,이미지
510,들리지 않는 편지,이와
511,나의 인생여정,정재종
512,동네사진사,김유겸
513,빗 속의 빛,안인헌
515,두 번째 무수리,박현상
516,스트레인저,김유준
517,만나요 우리,이인숙
518,아버지와 아버님,김애송
519,부탄의 행복은 어디서 왔을까?,"장남진,최아경"
520,오늘의 꽃,강여실
521,풍정라디오,박원달
522,서대문 지킴이,최용완
523,하동채복: 두 사람의 노래,남승석
524,칼,윤현호
525,화초와 함께하는 일상,홍옥순
526,은은한 사랑의 향기,황화자
527,까치까치 설날은,이윤화
528,큰엉가,박은희
529,옛날에는 그랬지,장희성
530,행복 전도사,김명희
531,내 안의 빛을 찾아,김제건
532,위시,신제민
533,그 남자의 사진첩,최규종
534,분꽃_달이 떴다고 전화를 주시다니요,차경미
535,우리 하람이를 위한 할미의 편지,강복녀
536,이야기 할머니,이규원
537,신바람,정인아
538,단풍이 물드는 시절,장세언
539,앙코르인생,"윤이남,권영국"
540,소성리,박배일
541,부끄럽지 않은 삶,안경애
542,언제나 청춘,우귀옥
543,우리 아버지께,김유진
544,비포 앤 애프터 이시엽,김다혜
545,꿈은 꿈이다,조규옥
546,몸의 노래,김선교
547,금천구의 영원한 선생님,최현남
548,엄마와 포포와 나,류동길
549,메기의 추억,김문옥
550,친구여,이종환
551,조국의 아들(노인의 아리랑),백승영
552,울산가는 길,이준걸
553,열심히 살았어요,조향숙
554,옛 경기중학교를 거닐다,민철기
555,꽃손,권순중
556,레시피,김경석
557,아름다움을 향한 열정,김현남
558,자유로,황슬기
559,찔레꽃,"정재욱,박유미"
560,아버지의 과제,이체
561,시네마 천국,윤무영
562,나는 날마다 공원을 걷는다,김복영
563,화장실,"김은경,김재희"
564,기차를 다시 움직일 때야,"서현주,김수정"
565,달콤한 땀,김정현
566,보토스 가족,이희영
567,하녀들,노영미
568,망자의 섬,김지현
569,빛,김혜진
570,그냥 걷기,한수빈
571,나 태어난 곳,차정민
572,연애하루전,리코
573,레지스트,김영덕
574,슈퍼문,홍대영
575,도서관 속의 빨간 문,박솔
576,제사,이규리
577,비하인드 스토리,박하빈
578,슈,김진형
579,쇼 유어 컬러,추백동
580,언빌리버블 스페이스 러브,김은진
581,장미여관,여은아
582,나이트 라이트,김주임
583,순애,정민지
584,사랑을 빵야!,"이소연,이하영,최예림"
585,예스위캔!,"정희지,김민지,김경민"
586,도와줘,윤광현
587,그녀를 위한 그,송경원
588,폭력의 씨앗,임태규
589,인랑,김지운
590,공동경비구역 JSA,박찬욱
591,아랫집,이경미
592,고래,박정우
593,대관람차,"이희섭,백재호"
594,"장화, 홍련",김지운
595,홀리워킹데이,이희원
596,후드,진 슈
597,바네사,전혜진
598,"아직도, 우리는 이주노동자다",최종만
599,위 윌 씨 썸데이,홍나리
600,어 보틀 오브 러브,고락중
601,닥터 X: 페일 다운,이현석
602,바퀴돈다,김상준
603,숨비소리,채리라
604,볼트: 카오스 젬,이현석
605,바다에서 소년에게,김규식
606,각자의 미식,조성규
608,돌멩이,김정식
609,"안녕, 티라노: 영원히, 함께",시즈노 코분
610,분무기,오은영
611,꼭두 이야기,김태용
612,속물들,"신아가,이상철"
613,시선,이장호
614,서식지,홍의정
615,내가 모른 척한 것,한혜성
616,늦여름,조성규
617,광화 - 촛불로 역사를 피우다,넝쿨
618,방문,명소희
619,눈의 마음: 이후,김소영
620,카센타,하윤재
621,디어 마이 지니어스,구윤주
622,오리의 웃음,김영남
623,바다 저 편에,김시진
624,반신반의,박찬경
625,선희와 슬기,박영주
626,어둠의 자식들,이장호
627,바보선언,이장호
628,뷰티풀 데이즈,윤재호
629,기억의 전쟁,이길보라
630,폴란드로 간 아이들,추상미
631,나의 노래: 메아리,정일건
632,별들의 고향,"이장호,김미영"
633,군산: 거위를 노래하다,장률
634,영주,차성덕
635,막다른 골목의 추억,최현영
636,기도하는 남자,강동헌
637,어우동,이장호
638,나그네는 길에서도 쉬지 않는다,이장호
639,멀리가지마라,박현용
640,바람불어 좋은 날,이장호
641,과부춤,이장호
642,좁은 문,김윤미
643,버니 오디세이,윤태랑
644,귀여운 여인,이승엽
645,빅 피쉬,"박재범,김정석"
646,비치온더비치,정가영
647,방문자들,복운석
648,딸들의 밥상,손희송
649,"다른, 사람",김세영
650,옆길,"이수빈,김주혜"
651,학교가기 싫은 날,김수정
652,버라이어티 생존 토크쇼,조세영
653,여우소년,탁도연
654,튼튼이의 모험,고봉수
655,빈 집,최정환
656,파이알제곱,이강령
657,영화의 발견,제갈원
658,러브 콤플렉스,은정현
659,아마튜어,조성균
660,달의 뒤편,전정치
661,칼국수 먹으러 가는 길,김하늬
662,도시체험,조은희
663,으리으리한 의리,민소정
664,대국,이현우
665,랄라랜드,이원석
666,고추,제이 박
667,반금련,김기영
668,모르는 여자,김종관
669,인간 사표를 써라,박노식
670,낙진,권혁준
671,우리,정해성
672,9월,신나리
673,호스트 네이션,이고운
674,태권도 통일을 꿈꾸다,서민원
675,B틀어주세요,"현수민,이승이"
676,작은 영화관,김정연
677,엘리펀트 보이,박환성
678,노는 게 제일 좋아,김수현
679,철야,"송다원,금정윤"
680,로그북,복진오
681,그루잠,류형석
682,달과 닻,방아란
683,유령을 기다리며,권은비
684,바나나쏭의 기적,"지혜원,송우용"
685,12 하고 24,김남석
686,제5종 보급품,"이혜린,류승진"
687,해제 프로젝트,김서윤
688,물의 도시,박소현
689,"그래, 나 페미니스트야","윤다희,김지현"
690,순환하는 밤,백종관
691,시인 할매,이종은
692,건설의 벽,조기현
693,밤의 예감,백종관
694,다방의 푸른 꿈,김대현
695,올 리브 올리브,"김태일,주로미"
696,펀치볼,김영조
697,씨스터스룸,조하영
698,탕자,최승민
699,테이크 미 홈,이창준
700,4.25 축구단,서민원
701,지옥문,김일현
702,수혈,이성만
703,일조권,이동헌
704,그 새끼를 죽였어야 했는데,이가홍
705,위로,정유정
706,4학년 보경이,이옥섭
707,봉봉,김영석
708,아이_아이,"오서로,남경현"
709,우애,이상일
710,미정의 시간,유호철
711,세마리,이옥섭
712,발치,강물결
713,서울생활,이우정
714,코코코 눈!,문지원
715,부탁,유재선
716,자밍아웃,김예지
717,조인성을 좋아하세요,정가영
718,공원에서 만나요.,최미혜
719,라즈 온 에어,이옥섭
720,걸스 온 탑,"이옥섭,구교환"
721,플라이 투 더 스카이,"이옥섭,구교환"
722,그녀,김고은
723,푸른 데자뷰,최한이
724,바나나 거북,이지윤
725,닥터 본,김주원
726,우아한 신체,이수현
727,바닥을 듣는 아이,최소형
728,숙녀들의 하룻밤,한병아
729,러블리 걸,박예나
730,헬로우맨,배성균
731,어떤 개미,"지예원,양이랑,소다현"
732,아비스 서커스,"금효진,권현지"
733,책상과 의자,가수연
734,할머니 할아버지의 봄,박재인
735,아들러,"추민석,조해준"
736,봄,박경미
737,학교 가는 길,한지원
738,마지막 메시지,"박경미,김고은,최소형,이지운,최한이,토바리 마이코,오가와 이즈미"
739,괴물아이,김지환
740,더 리틀 빅 샘,정민규
741,미스홍,전종기
742,커튼 뒤에서,이지윤
743,보디 이미지,손혜민
744,국민체조,이규리
745,습기,김윤경
746,ㄷㅗㄹ[do:l],이동규
747,미쎄스 로맨스,한병아
748,안개 너머 하얀 개,정승희
749,너는 아니?,린 킴
750,착하게 살지 않기로 했다,이윤수
751,언제나 벚꽃,오진욱
752,얌,"이지운,유솔지"
753,구구,이현중
754,홍합,박심지
755,불면증,김정수
756,숨,안지현
757,후?,정민지
758,자두공주,박은비
759,망각의 바다,김성영
760,유토피아,안가현
761,겨털소녀 김붕어,"권영서,정다히"
762,요괴진격도,박세홍
763,소녀에게,김준기
764,미라,박새미
765,그림자 도둑,김희예
766,모두가 외로운 별,한병아
767,마음과 마음,현유정
768,보편적인 삶,김창수
769,코피루왁,한지원
770,그리고 하루,허만재
771,이 꼴,홍진아
772,영원성,장예은
773,마마스 캐빈,김용진
774,7318 한용철,윤소영
775,"완-다시, 이곳으로",오수진
776,뼈,최진영
777,말 없이 추는 춤,김유라
778,드랙킹 아장맨,오현경
779,"31, 내리다",김내리
780,갑을 매길 수 없다,최민우
781,관찰과 기억,이솜이
782,미나,박우건
783,갈증,선종훈
784,두근두근 레드카펫,윤성호
785,두근두근 시국선언,윤성호
786,나의 첫 번째 팬케이크,이주현
787,써커,박동채
788,두근두근 왓플,윤성호
789,당신의 몫,최지원
790,프리!,박군제
791,낭만나그네,오원혁
792,명호,"김윤정,김샛별"
793,클리너,이성환
794,두근두근 외주용역,윤성호
795,기권,윤종민
796,오목소녀,백승화
797,바보들의 배,이상학
798,오아시스,김재준
799,참외향기,김우석
800,제주: 년의 춤,사유진
801,홈런을 던지다,박기범
802,사생결단,오동하
803,그 날,조아라
804,여름방학숙제,김아현
805,컷,오정민
806,스마트 할머니의 1250원 여름 피서,한명희
807,두근두근 꿈의 과학,윤성호
808,잊혀진 겨울,한태은
809,버스,이광진
810,호루라기,김남석
811,사장님 왜 웃어요,전재희
812,두근두근 시네마떼끄,"양해훈,윤성호"
813,교내방송,박지은
814,하얀악마; 금요일 밤 택시드라이버,박승원
815,오픈 유어 아이스,홍서백
816,그 여자,이세리
817,산신령,"이안,릴레아 살리가리,가빈 텔렌"
818,휴가,김건휘
819,누가 소현씨를 울렸나,이길우
820,잠,성종훈
821,귀로,이승규
822,물물교환,김다영
823,마지막 라면,박소원
824,오늘의 역사,홍재완
825,이미 벌어진 일,김효준
826,새로운 과학기술혁명과 우리의 미래,최은영
827,두근두근 영춘권,"윤성호,박재민"
828,한겨울에 인형탈도 춥나요?,전찬우
829,너의 말,우경희
830,썬데이,이서희
831,오리지널,김연정
832,나는 파리에 가고 싶어요,유혜빈
833,삼겹살,임혜영
834,두근두근 배창호,윤성호
835,썸 Thing,박노준
836,엄마소개서,이하준
837,블랙아웃,김재이
838,어느 한베평화재단 활동가의 평화기원 노래,사유진
839,364일,한세하
840,우리의 소원,강진엽
841,경옥씨의 청춘,김선국
842,능력소녀,김수영
843,하악하악,"황세연,진주영"
844,이프…,김필성
845,한묘름밤의 꿈,"강다솜,강한결,이태우"
846,아들,김봉주
847,돌밭이야기,엄대용
848,착한 사람은 거짓말 하지 않는다,조중건
849,호랑이형님과 나무꾼,곽기혁
850,내 차례,김나경
851,장수,이윤규
852,1분간의 스페인 여행,이승학
853,런닝맨,최봉석
854,2박 3일,조은지
855,짧은 사이에,이상민
856,앞이 보이지 않는 화가,신보경
857,지각쟁이,이우림
858,지하철 법정,송윤희
859,치파오 돌려입기,노풀잎
860,이웃사촌,한재빈
861,개학,김경주
862,조식,허재원
863,세이브 미,전윤수
864,첫만남,박재현
865,카오산 탱고,김범삼
866,나는 아직도 그녀의 족발이 그립다,김진화
867,열차의 도착,김한나
868,점선대로,최이다
869,보편적 사람들,김문경
870,무방향버스,류한준
871,우리들,윤가은
872,택시운전사,장훈
873,조작된 도시,박광현
874,클레어의 카메라,홍상수
875,더 킹,한재림
878,윈터서프 2,"김동기,김성은"
881,붉은 곡,신나리
882,우가,안정호
883,회귀(回歸),조현우
885,호랑신이 만드는 아름다운 산,"김지현,양재성,이민정"
886,산적의 꿈,양태진
887,카일라스 가는 길,정형민
888,걷기왕,백승화
889,히말라야,이석훈
890,만수의 영화,"남소연,김정현"
891,걸음이 빠른 달팽이,정상일
893,푸른 아이,이강구
894,초승달의 집,"태휘원,김재영"
895,그 방,우창수
896,선물,최은
897,수련회 가는 날,고가림
898,인애장,조주상
899,사랑은 가위바위보,엄이랑
900,무지개 약,최주연
901,오래된 사랑의 실체,"이도형,이창교"
902,일곱빛깔 무지개,엄현정
903,순희,엄지수
904,베데스다 가는 길,박안드레
905,승부,김경석
906,유토피아,남소원
907,여름의 소리,김현정
908,언니와 나,정선미
909,봄빛,유광재
910,겟 잇 뷰티,이예승
911,489년,권하윤
912,시샘,봉수아
913,마이네임이즈,한정길
914,사마리아,"신지수,노혜지,최유정,이정향"
915,소꿉놀이,김수빈
916,기억을 만나다,구범석
917,덫,백소윤
918,고래사냥,한정길
919,다시 태어나도 우리,"문창용,전진"
920,소설가 정연씨의 일일,구나현
921,"아빠, 꼭 나아야 해",고재연
922,언더더씨,고은혜
923,Sink,"이봄,강주비,하영재,최승우"
924,파란 불이 들어오면,허지예
925,몽글,정예빈
926,보강촬영,임현희
927,나만 없는 집,김현정
928,지문,박상혁
929,살려주세요,유태경
930,직지코드,"데이빗 레드먼,우광훈"
931,"잠에서 깨어, 나는 날",이상훈
932,섬,황정욱
933,철수,박지훈
934,"시,선",원예진
935,복숭아의 꿈,양수인
936,상의원,이원석
937,갈대 아빠,김예원
938,수연,임시연
939,아무것도 아니지만,황지은
940,미완성,장대욱
942,풍정.각(風精.刻) 세운상가에서 낙원삘딍으로,송주원
943,버디 VR,채수응
944,나의 집,임시연
945,좋은 날,"소재익,해주오"
946,"그해, 우리가 여행지에서 가져온 것들",강동완
947,티켓,김태영
948,잠몰,이승환
949,아리,구상범
950,휠체어,조한솔
951,내 신발에게,김대현
952,나는 반족입니다.,김선중
953,섹시미녀와 루피,장경례
954,그림일기,성열은
955,홍혜일기,이가익
956,두 밤,최지훈
958,누가 내 우유를 훔쳤을까?,김정인
959,춤추는 남자,최철민
960,삐약삐약,이경민
961,연보라빛 새,오광록
962,기생 : 꽃의 고백,"임혁,홍태선"
963,호접몽,이승엽
964,파자마 파티,이서아
965,나와 함께 블루스를,이한종
966,대결two,연현우
967,엄마,임승미
968,왕자가 된 소녀들,김혜정
969,옥상에서,구세주
970,높이뛰기,김진유
971,대한 사람 대한으로 길이 보전하세,김동욱
972,백화,송우람
973,풍정.각(風精.刻) 골목낭독회,송주원
974,필담,변유나
976,반성이 반성을 반성하지 않는 것처럼,송주원
977,마중: 커피숍 난동 수다 사건,임혜영
978,"아이, 간지러워",채재영
979,"다시, 봄",한종태
980,벌새,김재영
981,"여름, 버스","조범식,류진아"
982,봄의 제전,조규준
983,레슨,서인환
984,쟤,오도건
985,불청객,석재승
986,케힐라식당,지상민
987,댄스 위드 미,김혁
988,굿바이 마이 러브NK: 붉은 청춘,김소영
989,끌어당김의 법칙,신유정
990,뭘 또 그렇게까지,전계수
991,여행,배창호
992,다른 길이 있다,조창호
993,옵티그래프,이원우
994,화려한 외출,안형혜
995,레터스,"윤재호,마르테 볼"
996,설날,박형익
997,불편한 영화제,허건
998,오르골,김민지
999,샤먼 로드,최상진
1000,수퍼 디스코,이주호
1001,영화과를 졸업한 언니들과 나,허윤수
1002,시민의식,지웅배
1003,행복난민,"임세빈,박희백"
1004,아주 특별한 선물,"정민영,김경진"
1005,나비야,"이정수,이진우"
1006,내장 토끼,김진수
1007,파닥파닥,이대희
1008,반지의 비밀 일기,임만식
1009,콘스탄트 익스피리언스,"윤상경,유승연,이하은"
1010,뇌,조지 김
1011,"남자, 화장을 하다 : 아이 원트 제로지",현영애
1012,사무라이 참프루,윤성훈
1013,나쁜 마음,명세진
1014,G,박수진
1015,어느날 교실을 나오면서,고한벌
1016,r o t a t i o n,"김윤지,문종인"
1017,결정적 순간,강인석
1018,"닫힌 말, 열린 말",차미혜
1019,기억의 소리,이공희
1020,#cloud,백종관
1021,뱃속이 무거워서 꺼내야 했어,조한나
1022,꽃과 거짓말,"심혜정,차경희"
1023,스윗 골든 키위,전규리
1024,잃어버린 백남준 논문을 찾아서,배윤호
1025,"고한용, 1920년대 경성의 다다이스트",배윤호
1026,360˚의 구름,김다연
1027,궤적(櫃迹) - 좋은 세상,무진형제
1028,적정거리,박한나
1029,방구의 무게,박단비
1030,멋진 신세계,황윤정
1031,O_,"유수민,김다은"
1032,303 끝없는 밤,정지나
1033,밤낮,우주인
1034,그 책,이정식
1035,봄날,오재형
1036,체이스 앤 필,최민경
1037,작별,황윤
1038,침묵의 숲,황윤
1039,어느날 그 길에서,황윤
1040,뽀삐,김지현
1041,광장의 닭,황윤
1042,잡식가족의 딜레마,황윤
1043,유 어 마이 선샤인,황보새별
1044,온 더 로드,김민준
1045,초행,김대환
1046,머니백,허준형
1047,덕구,방수인
1048,월하,오인천
1049,챔피언,김용완
1050,하루,조선호
1051,골든슬럼버,노동석
1052,늦은 점심,"김유리,정재은"
1053,바람 바람 바람,이병헌
1054,제 팬티를 드릴게요,원하라
1055,시인의 말실수,김주안
1056,"제자리, 멀리뛰기",남가원
1057,고백,정아름
1058,아무도 알아주지 않는,황영
1059,나운규 프로덕숀,"윤진,윤진"
1060,"중고, 폴",김은영
1061,인형,손현교
1062,유라,김호
1063,불온한 검은 피,박준석
1064,은명,김한라
1065,그날의 기류,옥진주
1066,존재증명,김태윤
1067,사냥의 밤,장은주
1068,가족오락관,김용삼
1069,원 데이,남인건
1070,공존,안종일
1071,"소리, 공간, 영화에 대한 나름의 연출론",이병기
1072,은하비디오,김현정
1073,밝은 미래,허정재
1074,안나,제정모
1075,사랑하는 사람의 아이를 낳는다,정지윤
1076,"안녕, 곰씨",정인혁
1077,학원선생,박인아
1078,당산,김건희
1079,무슨 말을 할 수 있을까,심지환
1080,그 소녀는 어디에 있을까,우경웅
1081,"엄마 나예요, 아들",윤솔지
1082,고래가 된 남자,김효진
1083,조또마떼 사요나라 오지짱,김종철
1084,그녀의 음악,김수현
1085,보이지 않는 도시,오재형
1086,원썬,장동주
1087,탄,장권호
1088,밤밤밤,이안
1089,달세뇨,고성욱
1090,트립 오브 블루스,성승택
1091,빅허그,백정미
1092,샤이닝그라운드,장동주
1093,소화기,신서원
1094,이.엠.오.,홍지수
1095,딥슬립,구혜선
1096,울림,장줄리앙 푸스
1097,녹음,임민주
1098,로큰롤할배,이장희
1099,라이브 하드,황욱
1100,그 여름의 끝,이솔희
1101,인디펜던스 데이,김래원
1102,고래가 사는 집,한수현
1103,늘 그런 이,최은솔
1104,용이를 찾습니다,배윤경
1105,탠저린,심규호
1106,조퇴하는 날,심지현
1107,막달레나 기도,김정은
1108,"영화, 관",이로경
1109,직무유기,신지훈
1110,어른이 되어,오지수
1111,감독님 연출하지 마세요,이대영
1112,아보카도의 사랑,김선경
1113,수용소의 삶 : 디지털 삼인삼색 2007,"그린 유진,코스타 페드로,파로키 하룬"
1116,비정택시,김준하
1126,럭키 데이,안효진
1127,상아에게 보내는 편지,미나 피츠패트릭
1131,블랙독,신우석
1132,크레이지 캣,서지형
1133,베스트 파트너 에버,서희
1134,나와 봄날의 약속,백승빈
1135,브이아이피,박훈정
1136,위대한 손과 불가사리,김민혜
1137,살인소설,김진묵
1138,성과급,신지환
1139,굴레,김희수
1140,장산범,허정
1141,돌아온다,허철
1142,폴라로이드 작동법,김종관
1143,데스트랩,오인천
1144,아수라,김성수
1145,전 야,한동석
1146,무명(無明),김현도
1147,아이 워즈 어 맨-메이드 동키 보이,김민기
1148,폐쇄병동,박규택
1149,찌르다,공병선
1150,노마드,한정길
1151,투 다이 바이 유어 사이드 이즈 서치 어 헤븐리 웨이 투 다이,김우진
1152,마담 뺑덕,임필성
1153,파마,이란희
1154,비트,김성수
1155,한여름의 판타지아,장건재
1156,유령,민병천
1157,반드시 크게 들을 것,백승화
1158,겨울은 겨울,신가연
1159,이웃집 좀비,"오영두,장윤정,홍서백,류훈"
1160,무사,김성수
1161,덕후미루,강지혜
1162,모던 패밀리,김광빈
1163,강철비,양우석
1164,유쾌한 도우미,구혜선
1165,오늘도 위위,박범준
1166,태양은 없다,김성수
1167,나도 모르게,유지태
1168,보금자리,임필성
1169,외계의 제 19호 계획,민동현
1170,내 머리 속의 지우개,이재한
1171,그 이름,박민지
1172,초대,유지태
1173,염력,연상호
1174,스피노자의 편지,홍지영
1175,"좋은 놈, 나쁜 놈, 이상한 놈",김지운
1176,텔미비전,임종민
1177,불한당: 나쁜 놈들의 세상,변성현
1178,Knock,배희경
1179,뷰티풀 뱀파이어,정은경
1180,기담,"정식,정범식"
1181,엘리제를 위하여,임승현
1182,별 시(別 時),김종관
1183,리튼,김병우
1184,버라이어티 리얼리티,박선주
1185,행복의 나라,정민규
1186,청춘빌라 살인사건,신해강
1187,포 더 피스 오브 올 맨카인드,이석훈
1188,마감일,궁유정
1189,아빠가 필요해,장형윤
1190,공원 생활,문소현
1191,복어,이승욱
1192,친밀한 타인들,이재일
1193,레어,이광진
1194,감시자들,"김병서,조의석"
1195,냄새,김은진
1196,명왕성,이도경
1197,미풍,홍해원
1198,똥개,곽경택
1199,다다-익선,권욱
1200,신 도시인,홍두현
1201,공허충,정재용
1202,하나,나카니시 마이
1203,서바이벌 가이드,정철민
1204,핑키,김현석
1205,도시에서 그녀가 피할 수 없는 것들,박지연
1206,오늘도 평화로운,백승기
1207,쏘 쏘리,윤준희
1208,# 3_2,변재규
1209,만주 2,조인한
1210,팝-업 리서치,옥세영
1211,존재,유형준
1212,부카니마: 무술(武術),김시헌
1213,홈,김종우
1214,Replay_내일,이다민
1215,콘크리트의 불안,장윤미
1216,성춘향,신상옥
1217,별들은 속삭인다,여선화
1218,시간 에이전트,전주영
1219,대무가,이한종
1220,오늘의 자리,허지은
1221,저 하늘에도 슬픔이,김수용
1222,알송달송,정유안
1223,려행,임흥순
1224,감자,루돌프 한
1225,다큐멘터리,서우빈
1226,손에 손잡고,임권택
1227,율리안나,김도준
1228,역모-반란의 시대,김홍선
1229,돌고 돌아 우린,박형남
1230,산불,김수용
1231,혀,김미조
1232,미지와의 조우,최찬
1233,돌아가는 길,허지은
1234,밤의 해변에서 혼자,홍상수
1236,용의자,원신연
1237,관상,한재림
1238,퍼즐,임진승
1239,세 개의 달,한대광
1240,호랑이보다 무서운 겨울손님,이광국
1241,스포주의,김경윤
1242,"용순, 열 여덟 번째 여름",신준
1243,옆 구르기,안주영
1244,왈패,김동효
1245,속옷도둑 미숙씨,이준호
1246,클로젯,박가희
1247,전전날,"박광호,박광호"
1248,휴가,김윤선
1249,감독춘향,이상일
1250,담피소,박인희
1251,마취,김석영
1252,대리 드라이버,백승환
1253,멈추지 마,김건
1254,고요,김태완
1255,피식자들,이경
1256,구원의 날,"심찬양,송강석"
1257,가드올리고 BOUNCE!,배수민
1258,수요기도회,김인선
1259,아무것도,이석용
1260,마트료시카,살로메 뒤보아
1261,오제이티,최수진
1262,이브,신대용
1263,12번째 보조사제,장재현
1264,미트,박상욱
1265,해주세요,정희석
1266,불놀이,김세인
1267,회전목마,장만민
1268,쓰리룸,이나연
1269,초현실,김응수
1270,효녀 심청,신상옥
1271,맥북이면 다 되지요,장병기
1272,아빠의 검,정윤철
1273,선배의 자격,황호윤
1274,위대한 유산,장근석
1275,도시비둘기가 뚱뚱해진 이유,이연정
1276,주리,김동호
1277,휴먼,방정호
1278,갓피쉬,"이혜원,류성윤"
1279,도미노,조성정
1280,위대한 식탁,우진
1281,어항 밖 물고기,"박신우,허지혜"
1282,멈췄다,정해진
1283,물체의 심리학에 대하여,신재호
1284,금의환향,"김용환,정재필,정인필"
1285,피아골,이강천
1286,22,궈커
1287,누에치던 방,이완민
1288,인터뷰-사죄의 날,배기원
1290,국정교과서 516일 : 끝나지 않은 역사전쟁,백승우
1291,도리화가,이종필
1292,숨,채의석
1293,아메리카 타운,전수일
1294,아들딸들,유형준
1295,마리,김민지
1296,치치,강예은
1297,22일간의 고백,김태일
1298,어머니의 보랏빛 손수건,김태일
1299,째보리스키 포인트,박병래
1300,고무줄놀이,박병래
1301,준비됐나요,김대현
1302,연희동,최진영
1303,자유로워질 때 쯤,이경준
1304,돈오,이지상
1305,레몬,이현지
1306,퇴근길,조은선
1307,참을 수 없는 존재의 더러움,박준성
1308,홀드 미,"김숙현,조혜정"
1309,소리의 정원,조용기
1310,가끔 구름,박송열
1311,화포,박병래
1312,물고기 소년,정승원
1313,모던한 쥐선생과의 대화,김숙현
1314,럭키 스트라이크,김영석
1315,"너는, 어디에도 없을 거야",김숙현
1316,반달게임,박병래
1317,애국자 게임,"경순,최하동하"
1318,원수를 경마장에 데려가라,함정식
1319,시국페미,강유가람
1320,팬티의 미학,조현채
1321,파산의 기술,이강현
1322,투명한 음악,조용기
1323,거류,김소영
1324,목소리,고두현
1325,스크린+액션!,"김숙현,조혜정"
1326,세 발 까마귀,오정훈
1327,허구와 증언,백종관
1328,기억할 만한 지나침,박영임
1329,고갈,김곡
1330,엄마의 항아리,박성관
1331,두환이,김종한
1332,사랑의 선물,김규민
1334,말해의 사계절,허철녕
1335,비념,임흥순
1336,레드헌트,조성봉
1337,딩동,정태회
1338,서울역,연상호
1339,소년과 너구리,"조예름,강수연,고은하"
1340,우리들은 정의파다,이혜란
1341,그 날,박성은
1342,나로서기,김희지
1343,반짝이는 박수 소리,이길보라
1344,나를 믿어줘,김진영
1345,MJ,김희진
1346,존똑이들,진선민
1347,청포도 사탕: 17년 전의 약속,김희정
1348,쇼킹패밀리,경순
1349,얼굴 없는 여인,김영인
1350,화차,변영주
1351,춘정,이미랑
1352,어떤 개인 날,"고태정,이숙경"
1353,탐욕의 제국,홍리경
1354,우리는 자주 화가 나곤 한다,부들
1355,여고생이다,박지완
1356,문장의 얼굴들,안예은
1357,영화로운 19삶,이효정
1358,우리 생애 최고의 순간,임순례
1359,거울과 시계,이원우
1360,미열,박선주
1361,두 개의 방,정한
1362,나가요: ながよ,차정윤
1363,낮과 밤,유은정
1364,심경,김승희
1365,암사자들,홍재희
1366,"지금, 이대로가 좋아요",부지영
1367,3xFTM,김일란
1368,도시,"김예영,김영근"
1369,우리집 멍멍이 진진과 아키다,조종덕
1370,악녀,정병길
1371,반도에 살어리랏다,이용선
1372,마리안느와 마가렛,윤세영
1373,프라그마,박지현
1374,음유시인,"포레스트 이안 엣슬러,심세부"
1375,진실한 남자,정주아
1376,양양,봉만대
1377,괴물,봉준호
1378,파미르,오멸
1379,거미맨,박광현
1380,숲속의 아이,창
1381,라라라,양익준
1382,해피해피쿠킹타임,유재인
1383,복덕방,최병권
1384,개의 역사,김보람
1385,교민의 밤,서강범
1386,봄동,채의석
1387,누나의 가출,"이혜빈,임수진"
1388,빈집,신현진
1389,백일몽,강혜연
1390,집의 시간들,라야
1391,떡갈나무가 되는 법,정예지
1392,입시충,김재우
1393,No Sad,쑨 샤오첸
1394,철없는 베이커리,이호민
1395,피싱,김민서
1396,홍어,연제광
1397,겨울잠,오세호
1398,그날 밤,최기윤
1399,시계,조현준
1400,나들이,장성원
1401,에이다시,이수민
1402,메소드,방은진
1403,소통과 거짓말,이승원
1404,"다시, 오늘",김준우
1405,내게 남은 사랑을,진광교
1406,동화(冬火),임지환
1407,호잡도,이지혜
1408,운동회,김진태
1409,국제시장,윤제균
1410,황색바람,조현준
1411,52Hz,최원우
1412,"자연과 우리, 함께!",김영혜
1413,검은 나비야 날아라,정기용
1414,바빠서,옥대훈
1415,선물,한정아
1416,다정함의 세계,"왕민정,이상진"
1417,슬기로운 생활,여희지
1418,숨바꼭질,김진아
1419,뚝딱뚝딱 히뽀뽀,이유민
1420,그림자 놀이,황성하
1421,지구별,박경은
1423,흔들리는 물결,김진도
1424,사랑옵다,윤선주
1425,청년맹진기,윤정진
1426,상담,김재혁
1427,디펜스 게임,정지환
1428,소나기,권지수
1429,누이에게,차현준
1430,철원기행,김대환
1431,소리: 청각장애를 가진 학생과의 특별한 이야기,김남규
1432,늙은 자전거,문희융
1433,7년-그들이 없는 언론,김진혁
1434,예수보다 낯선,여균동
1435,비행,조성빈
1436,서산개척단,이조훈
1437,백일,오정민
1438,잠식,박기형
1439,그녀의 가족은 잘못이 없어,김헌
1440,삼선의원,백승환
1441,흰 집,정영
1442,곳에 따라 비,"임상수,임상수"
1443,1520,송문경
1444,깊고 푸른 밤,박현주
1445,보이지 않는 오렌지에 관한 시선,이준필
1446,곡성,나홍진
1447,roooom,최익환
1448,봄이가도,"장준엽,전신환,진청하"
1449,제주노트,민환기
1450,동학농민펑크단,정형기
1451,굿 비즈니스,이학준
1452,난류,이채석
1453,나부야 나부야,최정우
1454,크로키,전승표
1455,"6,000 마일",심수현
1456,깊고 오랜 사랑,강지숙
1457,그 후,홍상수
1458,돈가방,김선웅
1459,창백한푸른점,"김태용,민규동"
1460,소통,에릭 오
1461,마포에서 서강까지,현조
1462,소년병,정지연
1463,브레드 이발소,정지환
1464,야누스,김성환
1465,누렁이들,가성문
1466,혜리,송주성
1467,달리기,이대영
1468,호로자식을 위하여,윤혜렴
1469,꿈의 제인,조현훈
1470,인민정무문,안동기
1471,먼지아이,정유미
1472,진희의 세상,황시영
1473,명태,이홍매
1474,환절기,이동은
1475,"귀향, 끝나지 않은 이야기",조정래
1476,보통 혹은 일상적인,정세준
1477,시정마,안지민
1478,콩기름 심부름길,오무영
1479,반지하,민현기
1480,골고다의 방,정시영
1481,"다른, 밤",김정인
1482,오직 나만을 위한 영화,이의수
1483,택배,박승원
1484,과거가 머무르는 방,이명재
1485,아가페,박정은
1486,정민의 성인만화,곽승민
1487,첫 날,김윤지
1488,빈 방,정다희
1489,유령의 집,김승아
1490,비 더 레즈,김윤기
1491,텐더 앤 윗치,전두관
1492,내가 사랑하는 악당,배우리
1493,플라시보 장례식,박민경
1494,채비,조영준
1495,군함도,류승완
1496,미옥,이안규
1497,"1991, 봄",권경원
1498,반드시 잡는다,김홍선
1499,베테랑,류승완
1500,거리에서,박종필
1501,시설장애인의 역습,박종필
1502,포크레인,이주형
1503,오장군의 발톱,김재한
1504,은아,정승현
1505,여름이 지나간 자리,민현기
1506,산책,손구용
1507,기억의 재구성,김영갑
1508,재심,김태윤
1509,시간위의 집,임대웅
1510,악마를 보았다,김지운
1511,희생부활자,곽경택
1512,악몽,송정우
1513,아들에게,"최상순,최상순"
1514,우리별 일호와 얼룩소,장형윤
1515,재꽃,박석영
1516,해피뻐스데이,이승원
1517,그럼에도 불구하고,김영조
1518,밤섬해적단 서울불바다,정윤석
1519,워크맨,김혜련
1520,일,박수현
1521,홈,"정민영,김경진"
1522,꽃피는 편지,강희진
1524,시 읽는 시간,이수정
1525,"희망버스, 러브 스토리",박성미
1526,여자답게 싸워라,이윤영
1527,이상한 나라의 죽음,김민지
1528,죽음의 다섯 손가락,정창화
1529,레슬러,곽기혁
1530,첫 월급,이윤규
1531,치석,염지희
1532,엄마와 뻐꾸기 시계,"유재희,민지혜"
1533,코,김주임
1534,멋진 하루,이윤기
1535,풍산개,전재홍
1536,의자 위 여자,박준영
1537,주여!,이정주
1538,더 테러 라이브,김병우
1539,내 손에 사과,서유민
1540,싱글라이더,이주영
1541,아가씨,박찬욱
1542,시간,김기덕
1543,플라스틱 러브,권항
1544,보통사람,김봉한
1545,나를 위한 변명,"남아름,고승환,박소현"
1546,파란나비효과,박문칠
1547,모자(母子)란 기억,박군제
1548,안녕하십니까 대통령입니다,이마리오
1549,즐거운 나의 집 101,련
1550,끝과 시작,정현정
1551,송전탑,이동렬
1552,강정 인터뷰 프로젝트,"김성균,안건형,박배일,이원우,문성준,강세진,김지곤,하샛별"
1553,도망치는 것은 비겁하지만 도움이 된다,박향진
1554,나무가 나에게,안용우
1555,친구들,"김민서,김남주,이성재"
1557,주민등록증을 찢어라,이마리오
1558,목포의 밤,엄희찬
1559,페미니스트와 휴머니스트,김고은
1560,765와 용회마을,김소희
1561,"밀양, 반가운 손님","넝쿨,노은지,허철녕,하샛별,이재환"
1562,두 유 테이크 디스 캣?,장윤주
1563,가려진 시간,엄태화
1564,침묵,홍서백
1565,자매의 공동묘지,김헌
1566,더 슈발리에,이관주
1567,옥상에서 탈출,임진승
1568,스크래치,서동훈
1569,살인의 추억,봉준호
1570,아빠는 딸,김형협
1571,야간근무,"김정은,김정은"
1572,볼트: 체인시티,이현석
1573,노다지,박상훈
1574,히로시마에서 온 편지,스와 노부히로
1575,두만강 저 너머,배세웅
1576,동화,손일성
1577,아노와 호이가,이재용
1578,다시 살아나거라 아가야,송상희
1579,여자들,이상덕
1580,용순,신준
