,출품작,감독
0,뉴타운 생존자 수색작전,강민구
1,저는 잘 있어요,문재웅
2,낮과 달,이영아
3,자산어보,이준익
4,바다의 양식,
5,섬이없는지도,김성은
6,모가디슈,류승완
7,쓸모 없는 녀석,김중회
8,아시타비,김영찬
9,(BLANK),이가은
10,조지아,제이 박
11,무흘골,이영석
12,불도저에 탄 소녀,박이웅
13,미미(美味): 궁극의 식사,한재원
14,아이들은 즐겁다,이지원
15,역량향상교육,
16,마리아와 비욘세,
17,청춘선거,민환기
18,높이뛰기,정수진
19,구멍,한옥희
20,당신얼굴 앞에서,홍상수
21,혼자 사는 사람들,홍성은
22,아이즈앤혼즈,임채린
23,찾아라 달팽이!,김다윤
24,파이터,윤재호
25,올드보이,박찬욱
26,절해고도,김미영
27,장갑을 사러,이현주
28,죽으러가는길,이주승
29,듣보인간의 생존신고,
30,포리징 삼부작,서원태
31,거북이와 여자들,한선희
32,내일의 연인들,김양희
33,돛대,이주승
34,평화가 사람 속을 걸어다니네,함유선
35,바다 위의 별,장승욱
36,나쁜 친구,한병아
37,짚신,"김홍준,황주호"
38,땅밑 하늘공간,강제규
39,뫼비우스의 딸,김의석
40,그 여름,김동빈
41,헐리웃 키드,김덕민
42,"아듀, 오맹달",이강욱
43,바다는 고향을 알고 있다,노희정
44,데스랠리,"김윤정,김샛별,손채영"
45,절대 시계를 보지 말 것,고동선
46,내 방 안의 Another World,강소연
47,코로나 극장,김세성
48,지붕 위의 두 남자,모현신
49,영화감독 구교환 브이로그,"이옥섭,구교환"
50,소리 줍는 사람,오도이
51,네가 사랑한 것들을 기억할게,"이가홍,김연교,김서영"
52,이별격리,은정현
53,손끝,정수연
54,외식,박송열
55,프리즈마,장주선
56,밴드큐,이유진
57,컵라면과 복숭아,조경원
58,"아치의 노래, 정태춘",
59,어디에도 없는 시간,장태구
60,성덕,오세연
61,균열,배기성
62,농몽,권순현
63,짝사랑,주영
64,국가유공자,박찬우
65,아무도 모르게,변여빈
66,조에아,유채정
67,돌림총,이상민
68,입하,"김예전,소은성"
69,퇴직금,전재연
70,굿포유,김일현
71,황룡산,김무영
72,습지 장례법,신종원
73,Trans-Continental-Railway,정재훈
74,씨티백,황선영
75,Video Noire,성하은
76,선율,김윤정
77,외발자전거,이종헌
78,두 여자,허태인
79,텐트틴트,이준섭
80,뭐해,신지수
81,쓰는 일,유재인
82,버드세이버 보고서 제 2장,최희현
83,듀티,한정선
84,완벽한 동그라미,최민경
85,화광: 디아스포라의 묘,"김소영,이애림"
86,스프린터,최승연
87,해피해피 이혼파티,남순아
88,잠 없는 꿈,한인미
89,내 코가 석재,김보람
90,서울로,
91,피아노 프리즘,오재형
92,성적표의 김민영,"임지선,이재은"
93,불모지,이탁
94,바운더리,윤가현
95,멜팅 아이스크림,
96,바리케이드,윤인호
97,건전지 아빠,전승배
98,"여기, 나의 정원",김지곤
99,젖꼭지 3차대전,백시원
100,해로,
101,모어,이일하
102,피아니스트,조은선
103,세 친구,임순례
104,"그 겨울, 나는",오성호
105,모퉁이,
106,한 남자 달린다,"안지혜,함혜경"
107,보속,양재준
108,벗어날 탈 脫,서보형
109,희수,감정원
110,낮에는 덥고 밤에는 춥고,박송열
111,로그 인 벨지움,유태오
112,매미,윤대원
113,같은 속옷을 입는 두 여자,김세인
114,서바이벌 택틱스,박근영
115,우수,오세현
116,작은새와 돼지씨,김새봄
117,오늘 출가합니다,
118,프랜시스 베이킹,노영미
119,말아,곽민승
120,불안은 영혼을 잠식한다,김동식
121,흐르다,
122,침묵보다 변화를,문창현
123,"집에서, 집으로",지혜원
124,제씨 이야기,
125,컨버세이션,김덕중
126,사진 이어 붙이기,강예솔
127,포옹,임흥순
128,만인의 연인,한인미
129,소피의 세계,이제한
130,혜옥이,
131,나랑 아니면,박재현
132,206: 사라지지 않는,허철녕
133,문경이네 집,
134,Stair,이가은
135,남매의 여름밤,윤단비
136,기억극장,함희윤
137,아홉 살의 사루비아,장나리
138,육식콩나물,
139,밥상행사,박상은
140,국물은 공짜가 아니다,강민아
141,나이트 크루징,김정인
142,또 하루,박흥식
143,라면먹방,김지현
144,맛있는 엔딩,정소영
145,모차르트 죽이기,유원동
146,뭘 해도 애매한,"하수민,김다인"
147,밥,이순혜
148,베이글,나지경
149,비거닉 제주,"허성,김문경"
150,좋은날,황슬기
151,청파동 사람들,김재희
152,카페인,김소린
153,코로나 시대의 사랑,서은아
154,할머니는 채식주의자,고명지
155,도시락,
156,밥 때,이성식
157,파란,김현민
158,청춘쌍곡선,한형모
159,계란 카레라이스,
160,메소드연기,이기혁
161,샤론컵밥,김소윤
162,난 김치가 싫어,
163,박강아름 결혼하다,박강아름
164,배달의 정수,이나경
165,가장 개인적인 레시피,김현우
166,환호성,정재훈
167,남남,고경수
168,시간의 고고학,김응수
169,어느 시골 소녀의 일기,
170,도돌이 언덕에 난기류,정재훈
171,틈,
172,러닝 포토스,김나영
173,월간-할매,김지곤
174,버스를 타라,김정근
175,상냥한 쪽으로,정재훈
176,차별,김지운
177,체온,유상곤
178,집,이정애
179,사랑의 여름,이성욱
180,10월의 이름들,이동윤
181,그들은 우리의 응시에 응답한다,백종관
182,시간이 되돌리는 시간,전준혁
183,"그래도, 화이팅!",김준석
184,석대천에 백조가 있을까?,이승화
185,정인,
186,"생, 가(歌)",김영효
187,은영이의 XXX,서한솔
188,이별값,오가희
189,대영약국,김종한
190,그림의 커피,홍혜린
191,"산 23-1, X",
192,"짧은 여행의 기록, 광주",김백준
193,철선,김지곤
194,우리의 낮과 밤,김소형
195,해돋이,김태휘
196,오후 풍경,손구용
197,미스터 장,장병기
198,평평남녀,김수정
199,바람의 아이,김동명
200,영 아일랜드,김종한
201,호수길,정재훈
202,고양이는 자는 척을 할까,장윤미
203,추격의 목적,손호목
204,고마운 사람,"허지은,이경호"
205,태안,구자환
206,장학생,장주선
207,나들이,김선경
208,운동회,김진태
209,공모,전인환
210,인트로덕션,홍상수
211,신의 딸은 춤을 춘다,변성빈
212,개를 데리고 다니는 여자,조유경
213,싱크홀,김지훈
214,Fanning,전예진
215,유체이탈자,윤재근
216,서복,이용주
217,괴기맨숀,조바른
218,둔내면 임곡로,전시형
219,빵삥뿡뺑,
220,긴 하루,조성규
221,우연히 나쁘게,
222,장미,이기혁
223,십개월의 미래,남궁선
224,종착역,"권민표,서한솔"
225,김현주,강지효
226,블루시티서울,정성준
227,기기괴괴 성형수,조경훈
228,털괴,김오지숙
229,거래완료,조경호
230,인질,필감성
231,행복의 나라로,임상수
232,대외비,이원태
233,거꾸로,서은유
234,"사랑하자 너부터,",유호재
235,버킷,김보영
236,복지식당,"서태수,정재익"
237,조제,김종관
238,도굴,박정배
239,스프링 송,유준상
240,메이드 인 루프탑,김조광수
241,그녀를 지우는 시간,홍성윤
242,라임크라임,"유재욱,이승환"
243,최선의 삶,이우정
244,계춘할망,창
245,죽여주는 여자,이재용
246,바람난 가족,임상수
247,재춘언니,이수정
248,하녀,임상수
249,미싱타는 여자들,"김정영,이혁래"
250,클라이밍,김혜미
251,아무도 없는 곳,김종관
252,내일의 기억,서유민
253,세자매,이승원
254,미드나이트,권오승
255,터널,김성훈
256,열쇠의 모든 것,양승욱
257,제보자,임순례
258,귀문,심덕근
259,와이키키 브라더스,임순례
260,리틀 포레스트,임순례
261,첫 번째 아이,허정재
262,연극 수업,강유민
263,비빅,
264,꿈,김강민
265,우중산책,임순례
266,운석이 떨어졌으면 좋겠어,
267,아름다운 생존: 여성 영화인이 말하는 영화,임순례
268,뒤 : 빡,
269,소리도 없이,홍의정
270,우리 생애 최고의 순간,임순례
271,민서와 할아버지,
272,나들이,이유진
273,내 동생,
274,너에게 가는 길,변규리
275,오마주,신수원
276,부고,
277,세상이 그대를 힘들게 할지라도,조영상
278,파란 나라,김영글
279,그 아래 작은 우물,김승연
280,자무시처럼,안수민
281,해녀들의 이야기,지웅배
282,숨,
283,"새, 공작(恐雀)",박근영
284,나쁜 거래,배영한
285,운동화,전권하
286,영화는 이미 완성되었다,이정하
287,수필러브,홍두표
288,파란,이현빈
289,넋풀이,
290,고립,유호재
291,기생충,봉준호
292,도망친 여자,홍상수
293,호스피스,김수영
294,코리도라스,류형석
295,정말로 바란다면,
296,창밖은 겨울,이상진
297,보육교사,
298,그대 어이가리,이창열
299,새해전야,홍지영
300,만추,김태용
301,새 가족,김규진
302,액션동자,최영민
303,봄,이종언
304,날아라 치킨,이상혁
305,파이프라인,유하
306,와우보이,구상범
307,나는 조선사람입니다,김철민
308,더스트맨,김나경
309,삼진그룹 영어토익반,이종필
310,발신제한,김창주
311,식구(食口),박찬우
312,정말 먼 곳,박근영
313,아들의 이름으로,이정국
314,나는 나를 해고하지 않는다,이태겸
315,욕창,심혜정
316,딩크족,
317,어제 내린 비,송현주
318,빛나는 순간,소준문
319,여자는 남자의 미래다,홍상수
320,설레이다,이만오
321,세상의 아침,이지현
322,지혜로운 방구석 생활,박재범
323,고치,여은아
324,솔로탈출귀,전용석
325,능력소녀,김수영
326,무저갱,김지현
327,남자의 자리,조종덕
328,그림자 괴물,박혜미
329,은실이,"김선아,박세희"
330,"지금, 여기에",탁도연
331,홈,김보솔
332,제불찰씨 이야기,"곽인근,김일현,류지나,이혜영,이은미"
333,선량한 인간들의 도시,허범욱
334,그놈의 피,
335,로망은 없다,"박재옥,수경,홍은지"
336,균열,안용해
337,액션히어로,이진호
338,핫 블러드,신재명
339,마이썬,최익환
340,출사,유호재
341,잔소리,최정열
342,자유연기,김도영
343,옥천,이경원
344,4학년 보경이,이옥섭
345,우리집,이오은
346,아파트,효민
347,신의 아이들은 연기가 어렵다,변성빈
348,우리는 서로 사랑해야 한다,
349,템테이션,
350,2박 3일,조은지
351,몽구스피킹,우문기
352,무력의 언어,
353,조인성을 좋아하세요,정가영
354,잃어버린 외장하드를 찾는 이상한 모험,
355,"""레드필터가 철회됩니다.""",김민정
356,랑종,반종 피산다나쿤
357,습도 다소 높음,고봉수
358,지옥,연상호
359,선을 넘어,
360,THE창업가,이덕재
361,왕십리 김종분,김진열
362,사상,박배일
363,황무지,진미송
364,4.5평,김제현
365,코마,송수린
366,두만강아 잘 있거라,임권택
367,로맨스 빠빠,신상옥
368,지옥화,신상옥
369,여판사,홍은원
370,오발탄,유현목
371,하녀,김기영
372,맨발의 청춘,김기덕
373,마부,강대진
374,검은 머리,이만희
375,안개,김수용
376,집 밖은 위험해,조창근
377,지하실,최양현
378,죽이는 감독,엄하늘
379,기적,민병훈
380,82년생 김지영,김도영
381,영화감독 노동주,임찬익
382,밀양 아리랑,박배일
383,얼굴의 땅,박배일
384,송해 1927,윤재호
385,공단 민들레,
386,판문점,"김용진,송원근"
387,한창나이 선녀님,원호연
388,둥글고 둥글게,장민승
389,봉명주공,김기성
390,얼굴들,김민정
391,계절이 지나가는 하늘에는,고한벌
392,숨은지혜찾기,
393,맘맘미아,
394,선풍기를 고치는 방법,
395,하늘이의 겨울방학,
396,얼음,곽새미
397,아쿠아마린,유종석
398,기로,한지수
399,조금 부족한 여자,허수영
400,서울소리,김경배
401,코,윤한나
402,슈퍼스타,
403,감독님 연출하지 마세요,이대영
404,어느 날,이수형
405,치석,염지희
406,면담,박서영
407,지금 당장 영화관을 가야해!,김나경
408,수강신청,이미지
409,토마토의 정원,박형남
410,링링,윤다영
411,공중부양,
412,튜닝 더 라디오,
413,수라(修羅),정해지
414,프랑스에서,황지은
415,꿈꾸는 고양이,"강민현,지원"
416,"가스, 라이트",원유
417,앙코르!,
418,Temporary Solution for the Permanent Problems: #1,
419,"바이, 써클",
420,사원증,윤혜성
421,웅비와 인간 아닌 친구들,김다민
422,면접,김용호
423,우주의 끝,한병아
424,"안녕, 영화씨",
425,급식,한혜인
426,종이학,
427,달팽이,김태양
428,왜 독립영화 감독들은 외롭고 또 외롭나,
429,존재의 방식,
430,피아,공병선
431,행운을 빌어,전영찬
432,별도 좋은데,서은아
433,이종,안소회
434,그렇게 아무것도 하지 않았다,
435,건설 유니버스의 어떤 오류,박군제
436,불량스완,
437,바주카!,강소연
438,죽기로 한 날,
439,선화의 근황,김소형
440,휴가,이란희
441,플레이 온,
442,괴물,봉준호
443,불온한 당신,이영
444,우리들은 정의파다,이혜란
445,복수는 나의 것,박찬욱
446,나를 깨우는 바람,
447,플란다스의 개,봉준호
448,자매들의 밤,김보람
449,Out : 이반검열 두 번째 이야기,"이영,페미니스트비디오액티즘"
450,고양이를 부탁해,정재은
451,코리아,문현성
452,69세,임선애
453,캠핑을 좋아하세요,김꽃비
454,밤의 문이 열린다,유은정
455,백야,염문경
456,비밀의 정원,박선주
457,도희야,정주리
458,걸어도 걸어도,김태희
459,고백할 거야,김선빈
460,니가 일주일 넘게 연락이 없어서,황다슬
461,현주의 집,
462,바람이 지나간 자리,권순형
463,여름의 사랑,김서현
464,울타리를 넘은 소녀의 손에는 나뭇가지가 있었다,
465,조의봉투,장주선
466,큐브,조미혜
467,가양7단지,서예향
468,GOOD for you,
469,계절의 끝,
470,가족의 모양,
471,가장 환하고 따뜻한,최진영
472,수중양생,
473,오촌,장현빈
474,보드랍게,박문칠
475,여름의 나무들,이수유
476,슈뢰딩거의 냥이들,서윤수
477,May쪾JEJU쪾Day,
478,"일시정지, 시네마",박주환
479,한비,
480,인흥리 37-1,김지혜
481,귀신 친구,정혜연
482,평야의 댄서,
483,오토바이와 햄버거,
484,엄마는 무엇을 잊었는가,윤진
485,상규형이 하지 말랬어,
486,파장동,송원준
487,여인과 사자,
488,주희/17/B,
489,안나푸르나의 김써르,이종은
490,군산전기,"문승욱,유예진"
491,행복의 속도,박혁지
492,14인의 사범들,서민원
493,상자루의 길,박철우
494,60세 미만 출입금지,
495,타임머신을 샀다,박연
496,위안,이혜린
497,잘 알지도 못하면서,
498,바람의 춤꾼,최상진
499,그만 좀 하소,심영화
500,울림의 탄생,이정준
501,반도,연상호
502,스톡,전주현
503,태어나길 잘했어,최진영
504,간호중,민규동
505,오로라 공주,방은진
506,비창,
507,미인,이형표
508,싱글즈,권칠인
509,호로비츠를 위하여,권형진
510,온 더 로드,이재한
511,엘레지의 여왕,한형모
512,배달의 하이바,
513,타임 투 플레이 ; 뉴욕 버스커에 관하여,박서종
514,요선,장권호
515,댄싱퀸,이석훈
516,베스트셀러,이정호
517,미쓰 와이프,강효진
518,반도의 봄,이병일
519,푸른 언덕,유동일
520,도와줘!,김지안
521,남산의 부장들,우민호
522,곁에,
523,지푸라기라도 잡고 싶은 짐승들,김용훈
524,기묘한 가족,이민재
525,해치지않아,손재곤
526,미션 파서블,김형주
527,에이아이 허,이정섭
528,쇼미더고스트,김은경
529,점프,
530,비상선언,한재림
531,셀프-포트레이트 2020,이동우
532,창진이 마음,궁유정
533,마더 아야,조현준
534,늦봄2020,박규현
535,거짓말,손선희
536,박하사탕,이창동
537,UFO 스케치,김진욱
538,엽기적인 그녀,곽재용
539,공작,윤종빈
540,나를 구하지 마세요,정연경
541,군도: 민란의 시대,윤종빈
542,죽지않는 인간들의 밤,신정원
543,오페라,에릭 오
544,비스티 보이즈,윤종빈
545,깊은 밤 갑자기,고영남
546,다만 악에서 구하소서,홍원찬
547,답이 없는 전화,
548,오케이 마담,이철하
549,범죄와의 전쟁: 나쁜놈들 전성시대,윤종빈
550,그대 너머에,박홍민
551,비둘기,김상준
552,우리가 꽃들이라면,김율희
553,성인식,김민주
554,똑똑한 누나,
555,실신,
556,드라이빙 스쿨,유수진
557,굿타임,강동인
558,피터팬의 꿈,엄하늘
559,주희에게,오현도
560,폭염,
561,실버택배,
562,언젠간 터질 거야,
563,굿 마더,이유진
564,좀비 13,박현경
565,내가 죽던 날,박지완
566,소풍같이,전승표
567,뒤로 걷기,방성준
568,아동급식,홍연이
569,둥지,조경원
570,운조,노진
571,ㅈ교생,김경연
572,나의 침묵,황혜인
573,컴백홈,최재영
574,시스터즈,김준
575,버드케이지,노진수
576,춘사,
577,피사체,하태민
578,청년은 살았다.,심규호
579,아네싸의 방 + For a flash,
580,지구별 방랑자,유최늘샘
581,카오산 탱고,김범삼
582,아이,김현탁
583,낫아웃,이정곤
584,개정,강준하
585,"정말, 정말로 축하합니다",제환규
586,마리와 나,
587,창문 너머에,강지숙
588,쥐뢰,홍연이
589,혈연,왕희송
590,디스크조각모음,황보새별
591,얼룩,박덕진
592,끝달,윤상준
593,수리불가,장현호
594,히치하이커,윤재호
595,꼬리,김후중
596,언팟,박희은
597,기사선생,김서윤
598,시스터,
599,아마 늦은 여름이었을 거야,김소형
600,크리스마스 선물,김성규
601,은서,박준호
602,갓스피드,박세영
603,종이꽃,고훈
604,"안녕, 잘 지냈니?",김호원
605,귀접,
606,호랑이와 소,김승희
607,유령들,박지연
608,포이즌,"이미솔,유상현"
609,여름밤,이지원
610,언포가튼,
611,먹이들,
612,인영의 캠코더,오정선
613,산타클로스,이지은
614,무녀도,안재훈
615,장미여관,여은아
616,사랑은 꿈과 현실의 외길목에서,최희승
617,마스코트,김리하
618,"모두, 귀로",
619,움직임의 사전,정다희
620,죽음의 상인,전진규
621,호모 에렉타투스,김태우
622,윤희에게,임대형
623,정직한 후보,장유정
624,실,"이나연,조민재"
625,백두산,"김병서,이해준"
626,찬실이는 복도 많지,김초희
627,버티고,전계수
628,생각 끝에서 찾아오는,이수학
629,특별한 하루,이준수
630,갈매기,김미조
631,토요일 오후,안태훈
632,젊은이의 양지,신수원
633,시름,한소현
634,대리시험,김나경
635,THE FINALS,박중하
636,세이레,박강
637,조의(JOY),권용재
638,이발소,임윤기
639,"엄마, 영숙",
640,추운겨울에도 빛이 있다.,최정한
641,죽고 싶은 날에 한하여,김묘욱
642,스마일 클럽,최은우
